{
  "/user/get/{id}" : {
    "transaction" : "/user/get/{id}",
    "sampleCount" : 54,
    "errorCount" : 0,
    "errorPct" : 0.0,
    "meanResTime" : 3.0740740740740735,
    "medianResTime" : 3.0,
    "minResTime" : 2.0,
    "maxResTime" : 6.0,
    "pct1ResTime" : 4.0,
    "pct2ResTime" : 4.0,
    "pct3ResTime" : 6.0,
    "throughput" : 2.9060381013884404,
    "receivedKBytesPerSec" : 1.4986886671240984,
    "sentKBytesPerSec" : 1.143684916855021
  },
  "Total" : {
    "transaction" : "Total",
    "sampleCount" : 111,
    "errorCount" : 0,
    "errorPct" : 0.0,
    "meanResTime" : 178.09909909909916,
    "medianResTime" : 53.0,
    "minResTime" : 2.0,
    "maxResTime" : 867.0,
    "pct1ResTime" : 705.6,
    "pct2ResTime" : 766.8,
    "pct3ResTime" : 857.9999999999997,
    "throughput" : 5.521563945679749,
    "receivedKBytesPerSec" : 4821.219498877655,
    "sentKBytesPerSec" : 1.528165105954335
  },
  "/user/search" : {
    "transaction" : "/user/search",
    "sampleCount" : 55,
    "errorCount" : 0,
    "errorPct" : 0.0,
    "meanResTime" : 354.21818181818185,
    "medianResTime" : 175.0,
    "minResTime" : 31.0,
    "maxResTime" : 867.0,
    "pct1ResTime" : 766.8,
    "pct2ResTime" : 788.0,
    "pct3ResTime" : 867.0,
    "throughput" : 2.752477229506556,
    "receivedKBytesPerSec" : 4848.973402233885,
    "sentKBytesPerSec" : 0.44351439733259934
  },
  "create admin" : {
    "transaction" : "create admin",
    "sampleCount" : 1,
    "errorCount" : 0,
    "errorPct" : 0.0,
    "meanResTime" : 65.0,
    "medianResTime" : 65.0,
    "minResTime" : 65.0,
    "maxResTime" : 65.0,
    "pct1ResTime" : 65.0,
    "pct2ResTime" : 65.0,
    "pct3ResTime" : 65.0,
    "throughput" : 15.384615384615385,
    "receivedKBytesPerSec" : 5.904447115384615,
    "sentKBytesPerSec" : 5.483774038461538
  },
  "admin login" : {
    "transaction" : "admin login",
    "sampleCount" : 1,
    "errorCount" : 0,
    "errorPct" : 0.0,
    "meanResTime" : 56.0,
    "medianResTime" : 56.0,
    "minResTime" : 56.0,
    "maxResTime" : 56.0,
    "pct1ResTime" : 56.0,
    "pct2ResTime" : 56.0,
    "pct3ResTime" : 56.0,
    "throughput" : 17.857142857142858,
    "receivedKBytesPerSec" : 9.940011160714285,
    "sentKBytesPerSec" : 4.464285714285714
  }
}