{
  "Total" : {
    "transaction" : "Total",
    "sampleCount" : 1116,
    "errorCount" : 0,
    "errorPct" : 0.0,
    "meanResTime" : 175.57795698924733,
    "medianResTime" : 143.0,
    "minResTime" : 28.0,
    "maxResTime" : 678.0,
    "pct1ResTime" : 347.30000000000007,
    "pct2ResTime" : 408.2999999999997,
    "pct3ResTime" : 564.3199999999997,
    "throughput" : 55.09206693982327,
    "receivedKBytesPerSec" : 82753.28778130707,
    "sentKBytesPerSec" : 8.87713969245199
  },
  "/user/search" : {
    "transaction" : "/user/search",
    "sampleCount" : 1116,
    "errorCount" : 0,
    "errorPct" : 0.0,
    "meanResTime" : 175.57795698924733,
    "medianResTime" : 143.0,
    "minResTime" : 28.0,
    "maxResTime" : 678.0,
    "pct1ResTime" : 347.30000000000007,
    "pct2ResTime" : 408.2999999999997,
    "pct3ResTime" : 564.3199999999997,
    "throughput" : 55.09206693982327,
    "receivedKBytesPerSec" : 82753.28778130707,
    "sentKBytesPerSec" : 8.87713969245199
  }
}