{
  "/user/get/{id}" : {
    "transaction" : "/user/get/{id}",
    "sampleCount" : 131,
    "errorCount" : 0,
    "errorPct" : 0.0,
    "meanResTime" : 2.6335877862595414,
    "medianResTime" : 3.0,
    "minResTime" : 2.0,
    "maxResTime" : 6.0,
    "pct1ResTime" : 3.0,
    "pct2ResTime" : 4.0,
    "pct3ResTime" : 6.0,
    "throughput" : 6.632575565794137,
    "receivedKBytesPerSec" : 3.414631300313908,
    "sentKBytesPerSec" : 2.610281204116247
  },
  "Total" : {
    "transaction" : "Total",
    "sampleCount" : 265,
    "errorCount" : 0,
    "errorPct" : 0.0,
    "meanResTime" : 73.51320754716988,
    "medianResTime" : 30.0,
    "minResTime" : 2.0,
    "maxResTime" : 477.0,
    "pct1ResTime" : 229.4,
    "pct2ResTime" : 301.7,
    "pct3ResTime" : 457.7399999999997,
    "throughput" : 13.116863832104144,
    "receivedKBytesPerSec" : 9539.499809356903,
    "sentKBytesPerSec" : 3.634689928475969
  },
  "/user/search" : {
    "transaction" : "/user/search",
    "sampleCount" : 132,
    "errorCount" : 0,
    "errorPct" : 0.0,
    "meanResTime" : 144.04545454545448,
    "medianResTime" : 104.0,
    "minResTime" : 28.0,
    "maxResTime" : 477.0,
    "pct1ResTime" : 301.7,
    "pct2ResTime" : 370.04999999999995,
    "pct3ResTime" : 473.03999999999985,
    "throughput" : 6.57435999601554,
    "receivedKBytesPerSec" : 9595.484203403601,
    "sentKBytesPerSec" : 1.0593451165454726
  },
  "create admin" : {
    "transaction" : "create admin",
    "sampleCount" : 1,
    "errorCount" : 0,
    "errorPct" : 0.0,
    "meanResTime" : 67.0,
    "medianResTime" : 67.0,
    "minResTime" : 67.0,
    "maxResTime" : 67.0,
    "pct1ResTime" : 67.0,
    "pct2ResTime" : 67.0,
    "pct3ResTime" : 67.0,
    "throughput" : 14.925373134328359,
    "receivedKBytesPerSec" : 5.728194962686567,
    "sentKBytesPerSec" : 5.320079291044776
  },
  "admin login" : {
    "transaction" : "admin login",
    "sampleCount" : 1,
    "errorCount" : 0,
    "errorPct" : 0.0,
    "meanResTime" : 55.0,
    "medianResTime" : 55.0,
    "minResTime" : 55.0,
    "maxResTime" : 55.0,
    "pct1ResTime" : 55.0,
    "pct2ResTime" : 55.0,
    "pct3ResTime" : 55.0,
    "throughput" : 18.18181818181818,
    "receivedKBytesPerSec" : 10.120738636363637,
    "sentKBytesPerSec" : 4.545454545454546
  }
}