{
  "Total" : {
    "transaction" : "Total",
    "sampleCount" : 604,
    "errorCount" : 0,
    "errorPct" : 0.0,
    "meanResTime" : 3579.3344370860946,
    "medianResTime" : 3890.5,
    "minResTime" : 196.0,
    "maxResTime" : 7786.0,
    "pct1ResTime" : 4220.0,
    "pct2ResTime" : 4314.5,
    "pct3ResTime" : 7144.400000000121,
    "throughput" : 25.09556257271065,
    "receivedKBytesPerSec" : 38793.60740272353,
    "sentKBytesPerSec" : 4.043718578610603
  },
  "/user/search" : {
    "transaction" : "/user/search",
    "sampleCount" : 604,
    "errorCount" : 0,
    "errorPct" : 0.0,
    "meanResTime" : 3579.3344370860946,
    "medianResTime" : 3890.5,
    "minResTime" : 196.0,
    "maxResTime" : 7786.0,
    "pct1ResTime" : 4220.0,
    "pct2ResTime" : 4314.5,
    "pct3ResTime" : 7144.400000000121,
    "throughput" : 25.09556257271065,
    "receivedKBytesPerSec" : 38793.60740272353,
    "sentKBytesPerSec" : 4.043718578610603
  }
}