{
  "Total" : {
    "transaction" : "Total",
    "sampleCount" : 124,
    "errorCount" : 0,
    "errorPct" : 0.0,
    "meanResTime" : 161.3064516129032,
    "medianResTime" : 142.0,
    "minResTime" : 90.0,
    "maxResTime" : 421.0,
    "pct1ResTime" : 254.5,
    "pct2ResTime" : 297.25,
    "pct3ResTime" : 401.25,
    "throughput" : 6.1848471245448655,
    "receivedKBytesPerSec" : 8671.01767661417,
    "sentKBytesPerSec" : 0.9965818120604519
  },
  "/user/search" : {
    "transaction" : "/user/search",
    "sampleCount" : 124,
    "errorCount" : 0,
    "errorPct" : 0.0,
    "meanResTime" : 161.3064516129032,
    "medianResTime" : 142.0,
    "minResTime" : 90.0,
    "maxResTime" : 421.0,
    "pct1ResTime" : 254.5,
    "pct2ResTime" : 297.25,
    "pct3ResTime" : 401.25,
    "throughput" : 6.1848471245448655,
    "receivedKBytesPerSec" : 8671.01767661417,
    "sentKBytesPerSec" : 0.9965818120604519
  }
}